feature,r2_mean,r2_std
voxel_sparsity,0.8078130371865051,0.14064323471983958
abs_residual,-0.6753123679398187,0.3999626098314499
target_co2,-0.6392239577710261,0.4547556201581267
