MAE,MSE,RMSE,MedianAE,Bias,StdResidual,PearsonR,Pearson_p,SpearmanR,Spearman_p,R2,NormalizedMAE,MAE_bootstrap_mean,MAE_CI_2.5%,MAE_CI_97.5%,bin_label,bin_range,N
0.14399961617698254,0.05552785950932352,0.23564350088496716,0.07916512340307234,-0.013229054175081589,0.23528217987903727,0.8874394293993895,0.0,0.8959307087079709,0.0,0.7526040908052585,0.23351878815148172,0.14397737155122786,0.14062563363328723,0.14747660525697917,0-2,"[0.0,2.0)",11408
0.45229386354164897,0.4804420321704543,0.6931392588581707,0.27629220485687256,-0.2202211132097007,0.6574976454662506,0.5198145402524961,1.953801454395584e-84,0.5836169464984654,5.234949566206529e-111,-0.8934706674948865,0.16910663398128917,0.4521005126854179,0.42293712914385406,0.4834373022384855,2-4,"[2.0,4.0)",1206
1.2461639597364094,3.1229068320324607,1.767174816488867,0.9004361629486084,-1.1988333107336708,1.3054615128939857,0.2015800786631734,0.05399433777929074,0.28626033615979135,0.005669398512006808,-10.808332511511885,0.2719379571383934,1.246734004992376,0.9993364230122255,1.5145333019368674,>=4,"[4.0,+inf)",92
