bin_i,bin_j,N_i,N_j,U_stat,p_raw,p_bonferroni,cohen_d
0-2,2-4,11408,1206,3183346.0,2.2622930926890628e-207,6.786879278067188e-207,-1.2817767105425646
0-2,>=4,11408,92,140957.0,1.036355442026555e-33,3.109066326079665e-33,-5.079493169191869
2-4,>=4,1206,92,32362.0,2.5692015435339754e-11,7.707604630601927e-11,-1.308364860885545
