test,statistic,p_value
kruskal_wallis,1073.428270292492,8.091196464284659e-234
