{
  "all": {
    "MAE": 0.18148506196496794,
    "MSE": 0.11827964849459402,
    "RMSE": 0.343918083988897,
    "MedianAE": 0.09002928435802462,
    "Bias": -0.041077269498121766,
    "StdResidual": 0.34146958507895314,
    "PearsonR": 0.9133249416305981,
    "Pearson_p": 0.0,
    "SpearmanR": 0.9131673344620923,
    "Spearman_p": 0.0,
    "R2": 0.8293968691635889,
    "NormalizedMAE": 0.2159955941821123,
    "MAE_bootstrap_mean": 0.18156528431466892,
    "MAE_CI_2.5%": 0.17662596968594274,
    "MAE_CI_97.5%": 0.18649971412621263,
    "top_k_worst_csv": "stat_analysis_output/all/top_10_worst.csv"
  },
  "valid": {
    "MAE": 0.18148506196496794,
    "MSE": 0.11827964849459402,
    "RMSE": 0.343918083988897,
    "MedianAE": 0.09002928435802462,
    "Bias": -0.041077269498121766,
    "StdResidual": 0.34146958507895314,
    "PearsonR": 0.9133249416305981,
    "Pearson_p": 0.0,
    "SpearmanR": 0.9131673344620923,
    "Spearman_p": 0.0,
    "R2": 0.8293968691635889,
    "NormalizedMAE": 0.2159955941821123,
    "MAE_bootstrap_mean": 0.18156528431466892,
    "MAE_CI_2.5%": 0.17662596968594274,
    "MAE_CI_97.5%": 0.18649971412621263,
    "top_k_worst_csv": "stat_analysis_output/valid/top_10_worst.csv"
  }
}